id,grade,prob,pred,dice_gradcam,iou_gradcam,pg_gradcam,dice_hirescam,iou_hirescam,pg_hirescam
IDRiD_17,4,0.9663529992103577,DR Positive,0.19412529807056464,0.10749654882653652,False,0.09466447648591916,0.04968388785998487,True
IDRiD_25,3,0.8620661497116089,DR Positive,0.26002151308694155,0.14943949884590385,True,0.18471090415193567,0.1017528858485445,True
IDRiD_10,4,0.9871935248374939,DR Positive,0.146160260783757,0.07884190725437241,False,0.2177682483450939,0.12218851344270092,False
