id,grade,prob,pred,dice_gradcam,iou_gradcam,pg_gradcam,dice_hirescam,iou_hirescam,pg_hirescam
IDRiD_17,4,0.9663532376289368,DR Positive,0.13006833712976648,0.06955780241194448,False,0.05841106465097561,0.03008415611952151,True
IDRiD_25,3,0.8620659708976746,DR Positive,0.15245813900133615,0.08251945042204724,True,0.09087057826722,0.04759791412399023,True
IDRiD_10,4,0.9871935248374939,DR Positive,0.1479483406897597,0.07988348486178842,False,0.23909928352073787,0.1357823761914255,False
